{
  "mean_mse": 16.888049334746142,
  "median_mse": 5.741815567016602,
  "mean_mae": 0.9655448704957962,
  "median_mae": 0.7738095223903656,
  "mean_skill": -2.8428544895723924,
  "median_skill": -0.15189342102402148,
  "n_folds": 130,
  "run_id": "RUN_S03_MLP_BASELINE_011_E05_CAP_200_300",
  "created_at": "2026-03-31T19:19:24.182423",
  "device": "mps",
  "horizon": 14,
  "fold_step": 14,
  "lavar_retrain_cadence": 90,
  "quality_triggers": true
}