mode,n_folds,mean_mse,median_mse,mean_mae,median_mae,mean_skill,median_skill,run_type
S1_gru_baseline,130,60.28486691254836,49.2581844329834,2.4275869983893172,2.327380895614624,0.07959344223570491,0.0908953001637206,eval
S2_horizon_linear,130,60.254956663571875,50.423362731933594,2.4515911212334265,2.4278273582458496,0.08249546954852639,0.08800950231427818,eval
S3_dynp14,130,65.04706956423246,55.410715103149414,2.894826011474316,2.847470283508301,-0.013905371104123784,-0.00803406815464025,eval
S4_latent16,130,61.88610351269062,48.19866180419922,2.435531132037823,2.3422619104385376,0.05692618854442825,0.09763556827386571,eval
S5_dynp14_latent16,130,65.17036402775692,55.74776840209961,2.8891140195039604,2.8735119104385376,-0.013927854951476666,-0.007271789719212718,eval
S6_dynp14_latent16_hlinear,130,65.24808824979343,55.39583396911621,2.884626834209149,2.8266369104385376,-0.016262140547660328,-0.010742577584587742,eval
