{
  "mean_mse": 10.10366303553948,
  "median_mse": 4.999255895614624,
  "mean_mae": 0.8843635517817278,
  "median_mae": 0.747767835855484,
  "mean_skill": -1.0103111625714833,
  "median_skill": -0.046765874099247595,
  "n_folds": 130,
  "run_id": "RUN_S03_MLP_BASELINE_011_E04_CAP_300_200",
  "created_at": "2026-03-31T19:08:13.932269",
  "device": "mps",
  "horizon": 14,
  "fold_step": 14,
  "lavar_retrain_cadence": 90,
  "quality_triggers": true
}