{
  "mean_mse": 5.792948714586404,
  "median_mse": 4.309523820877075,
  "mean_mae": 0.7667124537321237,
  "median_mae": 0.7217261791229248,
  "mean_skill": 0.08496608890683377,
  "median_skill": 0.14657587346355339,
  "n_folds": 130,
  "run_id": "RUN_S04_GRU_H32_L1_SEED42",
  "created_at": "2026-04-01T14:46:14.322783",
  "device": "mps",
  "horizon": 14,
  "fold_step": 14,
  "lavar_retrain_cadence": 90,
  "quality_triggers": true,
  "seed": 42
}