mode,n_folds,mean_mse,median_mse,mean_mae,median_mae,mean_skill,median_skill,run_type
ts_latent,130,93.75812687507043,51.59151840209961,2.5835622769135695,2.386160731315613,-0.40425802276350103,0.027520961138379207,eval
ts_supply_ts_latent,130,487.8708320764395,56.269344329833984,3.847298511175009,2.5007439851760864,-6.204743996898126,0.0021473644981406803,eval
