mode,target_granularity,aux_source,lag_window,mollified,n_folds,mean_mse,median_mse,mean_mae,median_mae,mean_skill,median_skill,run_type
S1_baseline,drug,none,none,False,130,93.75812687507043,51.59151840209961,2.5835622769135695,2.386160731315613,-0.40425802276350103,0.027520961138379207,eval
S2_y_small_lag,drug,y_small_history,1..14,False,130,369.81793958223784,57.76339340209961,3.7184638234285208,2.530505895614624,-4.143377253415311,-0.0029251120526324614,eval
S3_y_small_lag_lr_low,drug,y_small_history,1..14,False,130,532.8436199041513,57.040924072265625,4.308733968551342,2.6934523582458496,-8.648768605746291,-0.0031985471353008776,eval
S4_y_large_lag,drug,y_large_history,1..14,False,130,206.955445260268,56.8824405670166,3.1432921189528247,2.567708373069763,-4.077186987664776,-0.004083913709671538,eval
S5_y_large_lag_lr_low,drug,y_large_history,1..14,False,130,306.6023957032424,56.95014953613281,3.7336881949351386,2.773065447807312,-5.2948450298045815,-0.0027877863082625964,eval
S6_y_small_lag_mollified,drug,y_small_history,1..14,True,130,653.6878615452694,60.16592216491699,4.171817755699157,2.2790178060531616,-14.398134360699206,-0.23437921892871905,eval
S7_y_small_lag_lr_low_mollified,drug,y_small_history,1..14,True,130,439.74085237062894,61.26339149475098,3.7743017123295712,2.456101179122925,-6.209803026308645,-0.23646042782819843,eval
S8_y_large_lag_mollified,drug,y_large_history,1..14,True,130,159.39944061866174,55.704612731933594,2.772744964636289,2.215773820877075,-1.1989981834143675,-0.16976532967324798,eval
S9_y_large_lag_lr_low_mollified,drug,y_large_history,1..14,True,130,154.50123606461744,63.951637268066406,3.084294877602504,2.488839268684387,-1.5196395899515258,-0.2800287904530677,eval
