mode,target_granularity,aux_source,n_folds,mean_mse,median_mse,mean_mae,median_mae,mean_skill,median_skill,run_type
S1_baseline,drug,none,130,93.75812687507043,51.59151840209961,2.5835622769135695,2.386160731315613,-0.40425802276350103,0.027520961138379207,eval
S2_supply_history_latent,drug,none,130,487.8708320764395,56.269344329833984,3.847298511175009,2.5007439851760864,-6.204743996898126,0.0021473644981406803,eval
S3_supply_history_latent_lr_low,drug,none,130,331.02211117377647,56.87276649475098,3.8134157556753894,2.734375,-4.458812158675692,-0.004277341862631512,eval
S4_supply_history_latent_mollified,drug,none,130,511.92464939997745,64.2566967010498,3.760885999752925,2.3125,-8.166016850419453,-0.2869247808183111,eval
S5_atc5_history_to_y_small,drug,atc5_history,130,185.37629586733306,56.99851036071777,3.1670444259276755,2.5379464626312256,-1.4669347494804845,-0.0007314734873036244,eval
