{
  "mean_mse": 5.629727559823256,
  "median_mse": 4.184523820877075,
  "mean_mae": 0.7552999081519934,
  "median_mae": 0.6941964030265808,
  "mean_skill": 0.08583774229280786,
  "median_skill": 0.15220658489719724,
  "n_folds": 130,
  "run_id": "RUN_S11_LATENT16_SEED1024",
  "created_at": "2026-04-01T16:22:28.155209",
  "device": "mps",
  "horizon": 14,
  "fold_step": 14,
  "lavar_retrain_cadence": 90,
  "quality_triggers": true,
  "seed": 1024
}