{
  "mean_mse": 6.0934065818786625,
  "median_mse": 4.2894346714019775,
  "mean_mae": 0.7960851650971633,
  "median_mae": 0.734375,
  "mean_skill": 0.028065229629914208,
  "median_skill": 0.08477982477480195,
  "n_folds": 130,
  "run_id": "RUN_S07_GRU_H32_L1_LR1E4_E03_CAP_300_300",
  "created_at": "2026-03-31T21:41:06.724239",
  "device": "mps",
  "horizon": 14,
  "fold_step": 14,
  "lavar_retrain_cadence": 90,
  "quality_triggers": true
}