mean_mse,median_mse,mean_mae,median_mae,mean_skill,median_skill,n_folds,mode
58.10517370517437,47.49479293823242,2.3094093341093798,2.192708373069763,0.12131976015765603,0.12643226304145405,130,S3_reg_latent16
