{
  "mean_mse": 6.024404755922464,
  "median_mse": 4.322916746139526,
  "mean_mae": 0.8016025614279967,
  "median_mae": 0.7239583134651184,
  "mean_skill": 0.029450795223936968,
  "median_skill": 0.04187850845886143,
  "n_folds": 130,
  "run_id": "RUN_S07_GRU_H32_L1_LR1E4_E02_CAP_200_200",
  "created_at": "2026-03-31T21:26:51.820931",
  "device": "mps",
  "horizon": 14,
  "fold_step": 14,
  "lavar_retrain_cadence": 90,
  "quality_triggers": true
}