{
  "mean_mse": 0.9522055547970992,
  "median_mse": 0.8876727819442749,
  "mean_mae": 0.4063109279825137,
  "median_mae": 0.39616936445236206,
  "mean_skill": -0.16008550058188004,
  "median_skill": -0.03507885720858428,
  "n_folds": 52,
  "run_id": "RUN_S04_GRU_H32_L1_SEED123",
  "created_at": "2026-04-02T11:57:59.977132",
  "device": "mps",
  "horizon": 14,
  "fold_step": 14,
  "lavar_retrain_cadence": 90,
  "quality_triggers": true,
  "seed": 123
}