{
  "mean_mse": 5.645215227053716,
  "median_mse": 3.957589268684387,
  "mean_mae": 0.7591346160723613,
  "median_mae": 0.6934523582458496,
  "mean_skill": 0.1111208212304752,
  "median_skill": 0.11582554890842789,
  "n_folds": 130,
  "run_id": "RUN_S08_GRU_BASELINE_013_E01_CAP_100_100",
  "created_at": "2026-03-31T22:07:39.762304",
  "device": "mps",
  "horizon": 14,
  "fold_step": 14,
  "lavar_retrain_cadence": 90,
  "quality_triggers": true
}