mode,target_granularity,aux_source,n_folds,mean_mse,median_mse,mean_mae,median_mae,mean_skill,median_skill,run_type
S1_gru_baseline,drug,none,130,60.28486691254836,49.2581844329834,2.4275869983893172,2.327380895614624,0.07959344223570491,0.0908953001637206,eval
S2_gru_ysmall_lag,drug,y_small_lag,130,65.36956279461201,57.1175594329834,2.56860119837981,2.549851179122925,-0.014234324381683294,-0.0008285326873588295,eval
S3_gru_ylarge_lag,drug,y_large_lag,130,70.84482595003568,56.9449405670166,2.594597072784717,2.513392925262451,-0.13640712648553618,0.0016498703216633603,eval
