{
  "mean_mse": 6.353308123808641,
  "median_mse": 4.762648820877075,
  "mean_mae": 0.8490041180298878,
  "median_mae": 0.78125,
  "mean_skill": -0.03251481258447094,
  "median_skill": -0.019422788316824535,
  "n_folds": 130,
  "run_id": "RUN_S12_DYNP14_LATENT16_E03_CAP_300_300",
  "created_at": "2026-04-01T00:01:51.284470",
  "device": "mps",
  "horizon": 14,
  "fold_step": 14,
  "lavar_retrain_cadence": 90,
  "quality_triggers": true
}