mean_mse,median_mse,mean_mae,median_mae,mean_skill,median_skill,n_folds,mode
62.06119486001822,51.29910659790039,2.4289835141255307,2.3653273582458496,0.043277667089834486,0.03684896414352695,130,S2_gru_dynamics
