mode,mean_mse,median_mse,mean_mae,median_mae,mean_skill,median_skill,n_folds,run_type
S1_var_baseline,59.74646281462449,48.70014762878418,2.3486378165391777,2.237351179122925,0.09033658224936998,0.10087082149095733,130,eval
S2_gru_dynamics,62.06119486001822,51.29910659790039,2.4289835141255307,2.3653273582458496,0.043277667089834486,0.03684896414352695,130,eval
S3_reg_latent16,58.10517370517437,47.49479293823242,2.3094093341093798,2.192708373069763,0.12131976015765603,0.12643226304145405,130,eval
S4_gru_reg_latent16,61.25059551092295,48.9069938659668,2.424839742367084,2.341517925262451,0.05850797419601622,0.05742323981175257,130,eval
