{
  "mean_mse": 6.359535276889801,
  "median_mse": 4.933035850524902,
  "mean_mae": 0.8615727988573221,
  "median_mae": 0.8125,
  "mean_skill": -0.04168074554990875,
  "median_skill": -0.03124749533447624,
  "n_folds": 130,
  "run_id": "RUN_S12_DYNP14_LATENT16_E02_CAP_200_200",
  "created_at": "2026-04-01T00:00:24.128951",
  "device": "mps",
  "horizon": 14,
  "fold_step": 14,
  "lavar_retrain_cadence": 90,
  "quality_triggers": true
}