label,w,mean_mse,median_mse,mean_mae,median_mae,mean_skill,median_skill,max_fold_mse,p95_fold_mse,p90_fold_mse,min_fold_skill
pure_S04,0.0,7.439445970695969,5.622023809523809,0.912965506715507,0.8869047619047619,0.17150401048507524,0.20805267587113563,38.007440476190474,14.04404761904764,10.189583333333335,-0.4130566938457312
pure_S11,1.0,7.049259768009768,5.241071428571429,0.8876297313797316,0.8348214285714286,0.24510082254798776,0.3017690044929233,38.666666666666664,13.555505952380972,10.742261904761907,-0.43756568391556616
blend_w*_mse=0.55,0.55,6.96208257020757,5.051391369047619,0.8874313186813185,0.8537202380952381,0.24788956562669162,0.2894527345598742,38.27167782738095,12.422999255952403,9.61702678571429,-0.4228806218236667
blend_w*_comp=0.50,0.5,6.978937728937728,5.180803571428571,0.8883165445665446,0.8571428571428571,0.24457242510947544,0.2929345717805393,38.237723214285715,12.376860119047642,9.574107142857144,-0.4216182428599682
