{
  "mean_mse": 6.104727594669049,
  "median_mse": 4.127976179122925,
  "mean_mae": 0.7759958780728854,
  "median_mae": 0.7105654776096344,
  "mean_skill": -0.05973624282669138,
  "median_skill": 0.1314849111677313,
  "n_folds": 130,
  "run_id": "RUN_S14_VAR_BASELINE_015_E04_CAP_300_200",
  "created_at": "2026-04-01T00:36:16.186189",
  "device": "mps",
  "horizon": 14,
  "fold_step": 14,
  "lavar_retrain_cadence": 90,
  "quality_triggers": true
}