{
  "mean_mse": 5.726236250767341,
  "median_mse": 4.35342264175415,
  "mean_mae": 0.7643543931154104,
  "median_mae": 0.7046130895614624,
  "mean_skill": 0.005659035766618855,
  "median_skill": 0.10244532807945433,
  "n_folds": 130,
  "run_id": "RUN_S06_GRU_H32_L2_E03_CAP_300_300",
  "created_at": "2026-03-31T20:54:30.572746",
  "device": "mps",
  "horizon": 14,
  "fold_step": 14,
  "lavar_retrain_cadence": 90,
  "quality_triggers": true
}