{
  "mean_mse": 10.008699560165406,
  "median_mse": 5.139137029647827,
  "mean_mae": 0.8937957855371329,
  "median_mae": 0.7574404776096344,
  "mean_skill": -0.9988994865285852,
  "median_skill": -0.1242947339109145,
  "n_folds": 130,
  "run_id": "RUN_S02_MLP_BASELINE_008_E02_CAP_200_200",
  "created_at": "2026-03-31T18:09:40.881588",
  "device": "mps",
  "horizon": 14,
  "fold_step": 14,
  "lavar_retrain_cadence": 90,
  "quality_triggers": true
}