{
  "mean_mse": 6.162225284484717,
  "median_mse": 4.308779716491699,
  "mean_mae": 0.786698716878891,
  "median_mae": 0.711309552192688,
  "mean_skill": -0.02426430227207315,
  "median_skill": 0.09709325392515294,
  "n_folds": 130,
  "run_id": "RUN_S08_GRU_BASELINE_013_E05_CAP_200_300",
  "created_at": "2026-03-31T22:35:20.622244",
  "device": "mps",
  "horizon": 14,
  "fold_step": 14,
  "lavar_retrain_cadence": 90,
  "quality_triggers": true
}