{
  "mean_mse": 8.888667623813335,
  "median_mse": 5.049107313156128,
  "mean_mae": 0.8920558592447868,
  "median_mae": 0.759672611951828,
  "mean_skill": -0.5390629041434867,
  "median_skill": -0.05783606009107001,
  "n_folds": 130,
  "run_id": "RUN_S03_MLP_BASELINE_011_E01_CAP_100_100",
  "created_at": "2026-03-31T18:43:44.998739",
  "device": "mps",
  "horizon": 14,
  "fold_step": 14,
  "lavar_retrain_cadence": 90,
  "quality_triggers": true
}