{
  "mean_mse": 14.428800537036015,
  "median_mse": 5.114583253860474,
  "mean_mae": 0.9212683152693969,
  "median_mae": 0.7619047462940216,
  "mean_skill": -2.239297100649192,
  "median_skill": -0.025725871576585013,
  "n_folds": 130,
  "run_id": "RUN_S01_TS_LATENT_BASELINE_ALIAS_E03_CAP_300_300",
  "created_at": "2026-03-31T17:37:51.804850",
  "device": "mps",
  "horizon": 14,
  "fold_step": 14,
  "lavar_retrain_cadence": 90,
  "quality_triggers": true
}