{
  "mean_mse": 12.946680238613716,
  "median_mse": 5.457589387893677,
  "mean_mae": 0.914926738693164,
  "median_mae": 0.7514880895614624,
  "mean_skill": -1.7413718536770646,
  "median_skill": -0.16406590677834132,
  "n_folds": 130,
  "run_id": "RUN_S01_TS_LATENT_BASELINE_ALIAS_E05_CAP_200_300",
  "created_at": "2026-03-31T17:56:05.721017",
  "device": "mps",
  "horizon": 14,
  "fold_step": 14,
  "lavar_retrain_cadence": 90,
  "quality_triggers": true
}