mean_mse,median_mse,mean_mae,median_mae,mean_skill,median_skill,n_folds,mode
61.25059551092295,48.9069938659668,2.424839742367084,2.341517925262451,0.05850797419601622,0.05742323981175257,130,S4_gru_reg_latent16
