mean_mse,median_mse,mean_mae,median_mae,mean_skill,median_skill,n_folds,mode
59.74646281462449,48.70014762878418,2.3486378165391777,2.237351179122925,0.09033658224936998,0.10087082149095733,130,S1_var_baseline
