{
  "mean_mse": 6.070272453014667,
  "median_mse": 4.638392925262451,
  "mean_mae": 0.808688183243458,
  "median_mae": 0.7559523582458496,
  "mean_skill": 0.027249968772692357,
  "median_skill": 0.017898569092874184,
  "n_folds": 130,
  "run_id": "RUN_S17_GRU_DYNAMICS_REG_LATENT16_E01_CAP_100_100",
  "created_at": "2026-04-01T03:46:18.067940",
  "device": "mps",
  "horizon": 14,
  "fold_step": 14,
  "lavar_retrain_cadence": 90,
  "quality_triggers": true
}