{
  "mean_mse": 6.357543536332938,
  "median_mse": 4.885416746139526,
  "mean_mae": 0.8572229866798108,
  "median_mae": 0.784970223903656,
  "mean_skill": -0.03772197511467492,
  "median_skill": -0.01737461420456554,
  "n_folds": 130,
  "run_id": "RUN_S12_DYNP14_LATENT16_E05_CAP_200_300",
  "created_at": "2026-04-01T00:04:20.785198",
  "device": "mps",
  "horizon": 14,
  "fold_step": 14,
  "lavar_retrain_cadence": 90,
  "quality_triggers": true
}