{
  "mean_mse": 6.325297636252183,
  "median_mse": 4.836309432983398,
  "mean_mae": 0.856799449141209,
  "median_mae": 0.7976190447807312,
  "mean_skill": -0.03212759435994757,
  "median_skill": -0.01762547300035955,
  "n_folds": 130,
  "run_id": "RUN_S12_DYNP14_LATENT16_E04_CAP_300_200",
  "created_at": "2026-04-01T00:02:54.772306",
  "device": "mps",
  "horizon": 14,
  "fold_step": 14,
  "lavar_retrain_cadence": 90,
  "quality_triggers": true
}