{
  "mean_mse": 5.646405631762285,
  "median_mse": 4.206845045089722,
  "mean_mae": 0.7569597067741247,
  "median_mae": 0.705357164144516,
  "mean_skill": 0.06725192286575823,
  "median_skill": 0.16622393886199077,
  "n_folds": 130,
  "run_id": "RUN_S08_GRU_BASELINE_013_E02_CAP_200_200",
  "created_at": "2026-03-31T22:14:17.787415",
  "device": "mps",
  "horizon": 14,
  "fold_step": 14,
  "lavar_retrain_cadence": 90,
  "quality_triggers": true
}