{
  "mean_mse": 8.268143350344438,
  "median_mse": 5.395089149475098,
  "mean_mae": 0.86564789551955,
  "median_mae": 0.761904776096344,
  "mean_skill": -0.5171316050904827,
  "median_skill": -0.11211530939287517,
  "n_folds": 130,
  "run_id": "RUN_S01_TS_LATENT_BASELINE_ALIAS_E02_CAP_200_200",
  "created_at": "2026-03-31T17:25:36.818629",
  "device": "mps",
  "horizon": 14,
  "fold_step": 14,
  "lavar_retrain_cadence": 90,
  "quality_triggers": true
}