mode,target_granularity,aux_source,n_folds,mean_mse,median_mse,mean_mae,median_mae,mean_skill,median_skill,run_type
S1_mlp_baseline,drug,none,130,93.75812687507043,51.59151840209961,2.5835622769135695,2.386160731315613,-0.40425802276350103,0.027520961138379207,eval
S2_gru_h32,drug,none,130,59.81135526070228,48.48958206176758,2.4511446888630206,2.3474701642990112,0.08636018201574915,0.1053275112486205,eval
S3_gru_h64,drug,none,130,61.14608547504132,50.43452453613281,2.501991757062765,2.405505895614624,0.05625189225700758,0.08169248818382374,eval
S4_gru_h32_L2,drug,none,130,63.65303346193754,53.44345283508301,2.3914720709507282,2.340029716491699,-0.016413278408343352,-0.03375398030353116,eval
S5_gru_h32_lr_low,drug,none,130,64.5089742073646,53.97544479370117,2.6791666544400727,2.633928656578064,-0.0012102265804006162,0.003411594098558124,eval
