{
  "mean_mse": 5.5852793152515705,
  "median_mse": 4.055059432983398,
  "mean_mae": 0.7578296709519167,
  "median_mae": 0.6919642686843872,
  "mean_skill": 0.0700450770243426,
  "median_skill": 0.13273897291504094,
  "n_folds": 130,
  "run_id": "RUN_S08_GRU_BASELINE_013_E04_CAP_300_200",
  "created_at": "2026-03-31T22:27:23.260692",
  "device": "mps",
  "horizon": 14,
  "fold_step": 14,
  "lavar_retrain_cadence": 90,
  "quality_triggers": true
}