{
  "mean_mse": 5.617296241796934,
  "median_mse": 4.236607074737549,
  "mean_mae": 0.7632440484487093,
  "median_mae": 0.6934523582458496,
  "mean_skill": 0.08255307658401799,
  "median_skill": 0.09498831767457044,
  "n_folds": 130,
  "run_id": "RUN_S06_GRU_H32_L2_E01_CAP_100_100",
  "created_at": "2026-03-31T20:36:44.671919",
  "device": "mps",
  "horizon": 14,
  "fold_step": 14,
  "lavar_retrain_cadence": 90,
  "quality_triggers": true
}