{
  "mean_mse": 5.753056307939382,
  "median_mse": 4.220238208770752,
  "mean_mae": 0.7653731690003321,
  "median_mae": 0.6927083134651184,
  "mean_skill": 0.003325757520169462,
  "median_skill": 0.057012056235990705,
  "n_folds": 130,
  "run_id": "RUN_S06_GRU_H32_L2_E04_CAP_300_200",
  "created_at": "2026-03-31T21:02:44.681976",
  "device": "mps",
  "horizon": 14,
  "fold_step": 14,
  "lavar_retrain_cadence": 90,
  "quality_triggers": true
}