{
  "mean_mse": 6.087511478020595,
  "median_mse": 4.541666746139526,
  "mean_mae": 0.807406133871812,
  "median_mae": 0.7507440447807312,
  "mean_skill": 0.02454247981300903,
  "median_skill": 0.011248994868954032,
  "n_folds": 130,
  "run_id": "RUN_S15_GRU_LATENT_DYNAMICS_E01_CAP_100_100",
  "created_at": "2026-04-01T01:00:55.686916",
  "device": "mps",
  "horizon": 14,
  "fold_step": 14,
  "lavar_retrain_cadence": 90,
  "quality_triggers": true
}