mode,run_type,n_folds,mean_mse,median_mse,mean_skill,median_skill
S4_latent16,manual,130,64.20635340030377,48.2336311340332,0.02101791602571479,0.08882100162978046
