{
  "mean_mse": 0.9624689851815884,
  "median_mse": 0.9121543765068054,
  "mean_mae": 0.4156770637402168,
  "median_mae": 0.4000576138496399,
  "mean_skill": -0.1672456537315594,
  "median_skill": -0.037928910483602585,
  "n_folds": 52,
  "run_id": "RUN_S11_LATENT16_SEED123",
  "created_at": "2026-04-02T12:09:45.004576",
  "device": "mps",
  "horizon": 14,
  "fold_step": 14,
  "lavar_retrain_cadence": 90,
  "quality_triggers": true,
  "seed": 123
}